id,nome,email
8,josh,josh@gmail.com
9,prior,prior@gmail.com
10,james doakes,james doakes@gmail.com
11,dexter,dexter@gmail.com
12,lil wayne,lilwayne@gmail.com
13,drake,drake@gmail.com
14,kendrick,kendrick@gmail.com
15,hopkins,hopkins@gmail.com
16,steve,steve@gmail.com
17,stephen,stephen@gmail.com
18,stefan,stefan@gmail.com
19,stefanio,stefanio@gmail.com
20,stefania,stefania@gmail.com
21,stefanny,stefanny@gmail.com
22,laura,laura@gmail.com
23,schmidt,schmidt@gmail.com
24,lorax,lorax@gmail.com
25,luthor,luthor@gmail.com
26,orion,orion@gmail.com
27,ploas,ploas@gmail.com
28,mike,mike@gmail.com
29,mikaelson,mikaelson@gmail.com
30,miqueias,miqueias@gmail.com
31,johnatan,johnatan@gmail.com
32,bruce,bruce@gmail.com
33,pat,pat@gmail.com
34,donald,donald@gmail.com
35,duck dogers,duckdogers@gmail.com